Month,Revenue_USD
2024-01,560847303.4172232
2024-02,352682723.8812768
2024-03,471778551.83465517
2024-04,226868900.1690912
2024-05,40273442.813740805
2024-06,172249823.32073838
2024-07,602342989.29842
2024-08,364192.123476
2024-09,490374190.11378807
2024-10,118016686.4872576
2024-11,2842712239.2579446
